{
  "stage": "A",
  "image_path": "outputs/stage_checkpoints/grape_20260329_184105/stage_a.png",
  "global_iteration": 277.0,
  "stage_iteration": 275.0,
  "stage_start_loss": 322.5644836425781,
  "stage_position_updates": 55.0,
  "polygon_count": 64.0,
  "rgb_mse": 0.09327898919582367,
  "resolution": 80.0,
  "elapsed_seconds": 113.52649860002566,
  "softness": 0.8,
  "rmse": 0.30541609190712865,
  "psnr_db": 10.30216168728442,
  "ssim": 0.0828322097659111,
  "lab_mse": 409.51910400390625
}