{
  "run_id": "phase7_input_20260331_063732",
  "image_path": "C:/Users/ahada/AppData/Local/Temp/pytest-of-ahada/pytest-36/test_phase7_cli_no_display_run0/phase7_input.png",
  "fit_mode": "crop",
  "resolution": 96,
  "minutes": 0.1,
  "seed": 9,
  "polygons": 180,
  "iterations": 6,
  "accepted_polygons": 24,
  "final_metrics": {
    "rgb_mse": 0.0028577980119735003,
    "rmse": 0.05345837644348639,
    "psnr_db": 25.43968470221513,
    "ssim": 0.9218264222145081,
    "lab_mse": 28.635353088378906
  },
  "stage_checkpoints": [
    {
      "stage": "A",
      "image_path": "outputs/stage_checkpoints/phase7_input_20260331_063732/stage_a.png",
      "global_iteration": 6.0,
      "stage_iteration": 5.0,
      "stage_start_loss": 1762.0257568359375,
      "stage_position_updates": 5.0,
      "polygon_count": 24.0,
      "rgb_mse": 0.0028577980119735003,
      "resolution": 50.0,
      "elapsed_seconds": 6.6501930999802426,
      "softness": 0.32,
      "rmse": 0.05345837644348639,
      "psnr_db": 25.43968470221513,
      "ssim": 0.9218264222145081,
      "lab_mse": 28.635353088378906
    },
    {
      "stage": "final",
      "image_path": "outputs/stage_checkpoints/phase7_input_20260331_063732/stage_final.png",
      "global_iteration": 6.0,
      "stage_iteration": 5.0,
      "stage_start_loss": 1762.0257568359375,
      "stage_position_updates": 5.0,
      "polygon_count": 24.0,
      "rgb_mse": 0.0028577980119735003,
      "resolution": 50.0,
      "elapsed_seconds": 6.670024799997918,
      "softness": 0.32,
      "rmse": 0.05345837644348639,
      "psnr_db": 25.43968470221513,
      "ssim": 0.9218264222145081,
      "lab_mse": 28.635353088378906
    }
  ],
  "run_dir": "outputs/stage_checkpoints/phase7_input_20260331_063732"
}