{
  "stage": "final",
  "image_path": "outputs/stage_checkpoints/phase7_input_20260331_063732/stage_final.png",
  "global_iteration": 6.0,
  "stage_iteration": 5.0,
  "stage_start_loss": 1762.0257568359375,
  "stage_position_updates": 5.0,
  "polygon_count": 24.0,
  "rgb_mse": 0.0028577980119735003,
  "resolution": 50.0,
  "elapsed_seconds": 6.670024799997918,
  "softness": 0.32,
  "rmse": 0.05345837644348639,
  "psnr_db": 25.43968470221513,
  "ssim": 0.9218264222145081,
  "lab_mse": 28.635353088378906
}