{
  "target": "grape.jpg",
  "elapsed_seconds": 300.5869344000239,
  "iterations": 201,
  "polygon_count": 32,
  "rgb_mse": 0.07395672798156738,
  "lab_mse": 321.3128356933594,
  "psnr_db": 11.310223112903675,
  "ssim": 0.1560564637184143,
  "gradient_mse": 0.01458443608134985,
  "gradient_mae": 0.07681141048669815,
  "gradient_corr": -0.026097156260599757,
  "stage_markers": [
    [
      "A",
      1
    ]
  ],
  "shape_counts": {
    "ellipse": 32,
    "triangle": 0,
    "stroke": 0
  },
  "size_quantiles": {
    "p25": 32.0,
    "p50": 32.0,
    "p75": 64.52409362792969
  },
  "output_image": "C:\\Users\\ahada\\Documents\\abdulahad\\evolutionary-art\\python\\outputs\\refiner_eval\\grape_refiner_5min.png"
}