{
  "run_id": "grape_20260329_183010",
  "image_path": "targets/grape.jpg",
  "fit_mode": "crop",
  "resolution": 200,
  "minutes": 5.0,
  "seed": 7,
  "polygons": 260,
  "iterations": 659,
  "accepted_polygons": 86,
  "final_metrics": {
    "rgb_mse": 0.04747701808810234,
    "rmse": 0.2178922166762786,
    "psnr_db": 13.23516565803178,
    "ssim": 0.18276764452457428,
    "lab_mse": 199.87586975097656
  },
  "stage_checkpoints": [
    {
      "stage": "A",
      "image_path": "outputs/stage_checkpoints/grape_20260329_183010/stage_a.png",
      "global_iteration": 277.0,
      "stage_iteration": 275.0,
      "stage_start_loss": 328.007080078125,
      "stage_position_updates": 55.0,
      "polygon_count": 64.0,
      "rgb_mse": 0.10886386781930923,
      "resolution": 100.0,
      "elapsed_seconds": 116.60407220001798,
      "softness": 0.8,
      "rmse": 0.3299452497298745,
      "psnr_db": 9.631162397163328,
      "ssim": 0.14867384731769562,
      "lab_mse": 439.8553466796875
    },
    {
      "stage": "B",
      "image_path": "outputs/stage_checkpoints/grape_20260329_183010/stage_b.png",
      "global_iteration": 659.0,
      "stage_iteration": 404.0,
      "stage_start_loss": 427.01080322265625,
      "stage_position_updates": 6.0,
      "polygon_count": 86.0,
      "rgb_mse": 0.04747701808810234,
      "resolution": 100.0,
      "elapsed_seconds": 300.1825941000134,
      "softness": 1.027005347593583,
      "rmse": 0.2178922166762786,
      "psnr_db": 13.23516565803178,
      "ssim": 0.18276764452457428,
      "lab_mse": 199.87586975097656
    },
    {
      "stage": "final",
      "image_path": "outputs/stage_checkpoints/grape_20260329_183010/stage_final.png",
      "global_iteration": 659.0,
      "stage_iteration": 404.0,
      "stage_start_loss": 427.01080322265625,
      "stage_position_updates": 6.0,
      "polygon_count": 86.0,
      "rgb_mse": 0.04747701808810234,
      "resolution": 100.0,
      "elapsed_seconds": 300.2242894000374,
      "softness": 1.027005347593583,
      "rmse": 0.2178922166762786,
      "psnr_db": 13.23516565803178,
      "ssim": 0.18276764452457428,
      "lab_mse": 199.87586975097656
    }
  ],
  "run_dir": "outputs/stage_checkpoints/grape_20260329_183010"
}