{
  "stage": "B",
  "image_path": "outputs/stage_checkpoints/grape_20260329_183010/stage_b.png",
  "global_iteration": 659.0,
  "stage_iteration": 404.0,
  "stage_start_loss": 427.01080322265625,
  "stage_position_updates": 6.0,
  "polygon_count": 86.0,
  "rgb_mse": 0.04747701808810234,
  "resolution": 100.0,
  "elapsed_seconds": 300.1825941000134,
  "softness": 1.027005347593583,
  "rmse": 0.2178922166762786,
  "psnr_db": 13.23516565803178,
  "ssim": 0.18276764452457428,
  "lab_mse": 199.87586975097656
}