{
  "stage": "A",
  "image_path": "outputs/stage_checkpoints/grape_20260329_183010/stage_a.png",
  "global_iteration": 277.0,
  "stage_iteration": 275.0,
  "stage_start_loss": 328.007080078125,
  "stage_position_updates": 55.0,
  "polygon_count": 64.0,
  "rgb_mse": 0.10886386781930923,
  "resolution": 100.0,
  "elapsed_seconds": 116.60407220001798,
  "softness": 0.8,
  "rmse": 0.3299452497298745,
  "psnr_db": 9.631162397163328,
  "ssim": 0.14867384731769562,
  "lab_mse": 439.8553466796875
}