{
  "run_id": "grape_20260331_090223",
  "image_path": "targets/grape.jpg",
  "fit_mode": "crop",
  "resolution": 200,
  "minutes": 5.0,
  "seed": 42,
  "polygons": 300,
  "iterations": 276,
  "accepted_polygons": 276,
  "final_metrics": {
    "rgb_mse": 0.033426616340875626,
    "rmse": 0.18282947339221767,
    "psnr_db": 14.759075832895805,
    "ssim": 0.29518094658851624,
    "lab_mse": 147.0353240966797
  },
  "stage_checkpoints": [
    {
      "stage": "foundation",
      "image_path": "outputs/stage_checkpoints/grape_20260331_090223/stage_foundation.png",
      "resolution": 50.0,
      "accepted_shapes": 96.0,
      "stage_loss": 0.018411438912153244,
      "softness": 0.55,
      "rgb_mse": 0.028965789824724197,
      "rmse": 0.17019338948597326,
      "psnr_db": 15.381146248779313,
      "ssim": 0.2922414541244507,
      "lab_mse": 129.21981811523438
    },
    {
      "stage": "structure",
      "image_path": "outputs/stage_checkpoints/grape_20260331_090223/stage_structure.png",
      "resolution": 100.0,
      "accepted_shapes": 216.0,
      "stage_loss": 0.016848186030983925,
      "softness": 0.18,
      "rgb_mse": 0.020262781530618668,
      "rmse": 0.14234739734402826,
      "psnr_db": 16.93300938024007,
      "ssim": 0.42284223437309265,
      "lab_mse": 94.72283172607422
    },
    {
      "stage": "detail",
      "image_path": "outputs/stage_checkpoints/grape_20260331_090223/stage_detail.png",
      "resolution": 200.0,
      "accepted_shapes": 246.0,
      "stage_loss": 0.03292965888977051,
      "softness": 0.035,
      "rgb_mse": 0.03292965888977051,
      "rmse": 0.18146531043086583,
      "psnr_db": 14.824127680144109,
      "ssim": 0.2995469272136688,
      "lab_mse": 144.1407012939453
    },
    {
      "stage": "polish",
      "image_path": "outputs/stage_checkpoints/grape_20260331_090223/stage_polish.png",
      "resolution": 200.0,
      "accepted_shapes": 276.0,
      "stage_loss": 0.033426616340875626,
      "softness": 0.028,
      "rgb_mse": 0.033426616340875626,
      "rmse": 0.18282947339221767,
      "psnr_db": 14.759075832895805,
      "ssim": 0.29518094658851624,
      "lab_mse": 147.0353240966797
    }
  ],
  "run_dir": "outputs/stage_checkpoints/grape_20260331_090223"
}