{
  "stage": "polish",
  "image_path": "outputs/stage_checkpoints/grape_20260331_090223/stage_polish.png",
  "resolution": 200.0,
  "accepted_shapes": 276.0,
  "stage_loss": 0.033426616340875626,
  "softness": 0.028,
  "rgb_mse": 0.033426616340875626,
  "rmse": 0.18282947339221767,
  "psnr_db": 14.759075832895805,
  "ssim": 0.29518094658851624,
  "lab_mse": 147.0353240966797
}