{
  "stage": "foundation",
  "image_path": "outputs/stage_checkpoints/grape_20260331_090223/stage_foundation.png",
  "resolution": 50.0,
  "accepted_shapes": 96.0,
  "stage_loss": 0.018411438912153244,
  "softness": 0.55,
  "rgb_mse": 0.028965789824724197,
  "rmse": 0.17019338948597326,
  "psnr_db": 15.381146248779313,
  "ssim": 0.2922414541244507,
  "lab_mse": 129.21981811523438
}