{
  "stage": "detail",
  "image_path": "outputs/stage_checkpoints/grape_20260331_090223/stage_detail.png",
  "resolution": 200.0,
  "accepted_shapes": 246.0,
  "stage_loss": 0.03292965888977051,
  "softness": 0.035,
  "rgb_mse": 0.03292965888977051,
  "rmse": 0.18146531043086583,
  "psnr_db": 14.824127680144109,
  "ssim": 0.2995469272136688,
  "lab_mse": 144.1407012939453
}