{
  "stage": "structure",
  "image_path": "outputs/stage_checkpoints/grape_20260331_090223/stage_structure.png",
  "resolution": 100.0,
  "accepted_shapes": 216.0,
  "stage_loss": 0.016848186030983925,
  "softness": 0.18,
  "rgb_mse": 0.020262781530618668,
  "rmse": 0.14234739734402826,
  "psnr_db": 16.93300938024007,
  "ssim": 0.42284223437309265,
  "lab_mse": 94.72283172607422
}