{
  "run_id": "grape_20260329_183532",
  "image_path": "targets/grape.jpg",
  "fit_mode": "crop",
  "resolution": 128,
  "minutes": 5.0,
  "seed": 7,
  "polygons": 220,
  "iterations": 1039,
  "accepted_polygons": 98,
  "final_metrics": {
    "rgb_mse": 0.039852678775787354,
    "rmse": 0.19963135719567543,
    "psnr_db": 13.995424813333022,
    "ssim": 0.2101099044084549,
    "lab_mse": 168.78016662597656
  },
  "stage_checkpoints": [
    {
      "stage": "A",
      "image_path": "outputs/stage_checkpoints/grape_20260329_183532/stage_a.png",
      "global_iteration": 277.0,
      "stage_iteration": 275.0,
      "stage_start_loss": 322.1562194824219,
      "stage_position_updates": 55.0,
      "polygon_count": 64.0,
      "rgb_mse": 0.09578637033700943,
      "resolution": 80.0,
      "elapsed_seconds": 112.44336180004757,
      "softness": 0.8,
      "rmse": 0.3094937323065031,
      "psnr_db": 10.186962832861898,
      "ssim": 0.10576006025075912,
      "lab_mse": 416.2484436035156
    },
    {
      "stage": "B",
      "image_path": "outputs/stage_checkpoints/grape_20260329_183532/stage_b.png",
      "global_iteration": 1039.0,
      "stage_iteration": 762.0,
      "stage_start_loss": 403.8861999511719,
      "stage_position_updates": 10.0,
      "polygon_count": 98.0,
      "rgb_mse": 0.039852678775787354,
      "resolution": 80.0,
      "elapsed_seconds": 307.218973500072,
      "softness": 0.4,
      "rmse": 0.19963135719567543,
      "psnr_db": 13.995424813333022,
      "ssim": 0.2101099044084549,
      "lab_mse": 168.78016662597656
    },
    {
      "stage": "final",
      "image_path": "outputs/stage_checkpoints/grape_20260329_183532/stage_final.png",
      "global_iteration": 1039.0,
      "stage_iteration": 762.0,
      "stage_start_loss": 403.8861999511719,
      "stage_position_updates": 10.0,
      "polygon_count": 98.0,
      "rgb_mse": 0.039852678775787354,
      "resolution": 80.0,
      "elapsed_seconds": 307.24577150004916,
      "softness": 0.4,
      "rmse": 0.19963135719567543,
      "psnr_db": 13.995424813333022,
      "ssim": 0.2101099044084549,
      "lab_mse": 168.78016662597656
    }
  ],
  "run_dir": "outputs/stage_checkpoints/grape_20260329_183532"
}