{
  "stage": "final",
  "image_path": "outputs/stage_checkpoints/grape_20260329_183532/stage_final.png",
  "global_iteration": 1039.0,
  "stage_iteration": 762.0,
  "stage_start_loss": 403.8861999511719,
  "stage_position_updates": 10.0,
  "polygon_count": 98.0,
  "rgb_mse": 0.039852678775787354,
  "resolution": 80.0,
  "elapsed_seconds": 307.24577150004916,
  "softness": 0.4,
  "rmse": 0.19963135719567543,
  "psnr_db": 13.995424813333022,
  "ssim": 0.2101099044084549,
  "lab_mse": 168.78016662597656
}