{
  "stage": "A",
  "image_path": "outputs/stage_checkpoints/grape_20260329_183532/stage_a.png",
  "global_iteration": 277.0,
  "stage_iteration": 275.0,
  "stage_start_loss": 322.1562194824219,
  "stage_position_updates": 55.0,
  "polygon_count": 64.0,
  "rgb_mse": 0.09578637033700943,
  "resolution": 80.0,
  "elapsed_seconds": 112.44336180004757,
  "softness": 0.8,
  "rmse": 0.3094937323065031,
  "psnr_db": 10.186962832861898,
  "ssim": 0.10576006025075912,
  "lab_mse": 416.2484436035156
}