{
  "stage": "B",
  "image_path": "outputs/stage_checkpoints/grape_20260329_182433/stage_b.png",
  "global_iteration": 318.0,
  "stage_iteration": 41.0,
  "stage_start_loss": 427.01080322265625,
  "stage_position_updates": 0.0,
  "polygon_count": 75.0,
  "rgb_mse": 0.05164578557014465,
  "resolution": 100.0,
  "elapsed_seconds": 300.52877309999894,
  "softness": 0.9609625668449199,
  "rmse": 0.2272570913528215,
  "psnr_db": 12.869651122529236,
  "ssim": 0.1698945015668869,
  "lab_mse": 212.84933471679688
}