{
  "stage": "foundation",
  "image_path": "outputs/stage_checkpoints/refiner_input_20260417_191116/stage_foundation.png",
  "resolution": 96.0,
  "accepted_shapes": 4.0,
  "stage_loss": 0.008523399010300636,
  "softness": 0.75,
  "rgb_mse": 0.008523399010300636,
  "rmse": 0.0923222563107111,
  "psnr_db": 20.69387180228572,
  "ssim": 0.8864167332649231,
  "lab_mse": 121.08541107177734,
  "gradient_mse": 5.76337743041222e-06,
  "gradient_mae": 0.0020823420491069555,
  "gradient_corr": -0.023356525622347368
}