{
  "stage": "structure",
  "image_path": "outputs/stage_checkpoints/refiner_input_20260417_191116/stage_structure.png",
  "resolution": 96.0,
  "accepted_shapes": 12.0,
  "stage_loss": 0.006532152649015188,
  "softness": 0.32,
  "rgb_mse": 0.006532152649015188,
  "rmse": 0.08082173376645163,
  "psnr_db": 21.84943674846217,
  "ssim": 0.8736512064933777,
  "lab_mse": 88.73066711425781,
  "gradient_mse": 0.0001076314874808304,
  "gradient_mae": 0.004583112429827452,
  "gradient_corr": 0.02220037467915991
}