{
  "run_id": "grape_20260331_093438",
  "image_path": "targets/grape.jpg",
  "fit_mode": "crop",
  "resolution": 200,
  "minutes": 5.0,
  "seed": 42,
  "polygons": 300,
  "iterations": 295,
  "accepted_polygons": 295,
  "final_metrics": {
    "rgb_mse": 0.020303482189774513,
    "rmse": 0.14249028805421973,
    "psnr_db": 16.924294711453133,
    "ssim": 0.4587789475917816,
    "lab_mse": 110.40278625488281
  },
  "stage_checkpoints": [
    {
      "stage": "foundation",
      "image_path": "outputs/stage_checkpoints/grape_20260331_093438/stage_foundation.png",
      "resolution": 50.0,
      "accepted_shapes": 45.0,
      "stage_loss": 0.038669876754283905,
      "softness": 0.75,
      "rgb_mse": 0.04914352297782898,
      "rmse": 0.22168338453260086,
      "psnr_db": 13.085337132407899,
      "ssim": 0.18451762199401855,
      "lab_mse": 209.53456115722656
    },
    {
      "stage": "structure",
      "image_path": "outputs/stage_checkpoints/grape_20260331_093438/stage_structure.png",
      "resolution": 100.0,
      "accepted_shapes": 145.0,
      "stage_loss": 0.024484900757670403,
      "softness": 0.32,
      "rgb_mse": 0.027886582538485527,
      "rmse": 0.16699276193441898,
      "psnr_db": 15.546047046517169,
      "ssim": 0.31987395882606506,
      "lab_mse": 134.9429473876953
    },
    {
      "stage": "detail",
      "image_path": "outputs/stage_checkpoints/grape_20260331_093438/stage_detail.png",
      "resolution": 200.0,
      "accepted_shapes": 295.0,
      "stage_loss": 0.020303482189774513,
      "softness": 0.055,
      "rgb_mse": 0.020303482189774513,
      "rmse": 0.14249028805421973,
      "psnr_db": 16.924294711453133,
      "ssim": 0.4587789475917816,
      "lab_mse": 110.40278625488281
    }
  ],
  "run_dir": "outputs/stage_checkpoints/grape_20260331_093438"
}