{
  "stage": "detail",
  "image_path": "outputs/stage_checkpoints/grape_20260331_093438/stage_detail.png",
  "resolution": 200.0,
  "accepted_shapes": 295.0,
  "stage_loss": 0.020303482189774513,
  "softness": 0.055,
  "rgb_mse": 0.020303482189774513,
  "rmse": 0.14249028805421973,
  "psnr_db": 16.924294711453133,
  "ssim": 0.4587789475917816,
  "lab_mse": 110.40278625488281
}