polygon_count,perceptual_mse
10,891.05340576
20,799.42242432
50,525.61169434
100,290.54885864
