polygon_count,perceptual_mse
10,189.20590210
20,118.09815216
50,30.95236588
100,10.87139702
