{
  "run_id": "refiner_input_20260331_090205",
  "image_path": "C:/Users/ahada/AppData/Local/Temp/pytest-of-ahada/pytest-41/test_cli_no_display_runs0/refiner_input.png",
  "fit_mode": "crop",
  "resolution": 96,
  "minutes": 0.05,
  "seed": 9,
  "polygons": 24,
  "iterations": 12,
  "accepted_polygons": 12,
  "final_metrics": {
    "rgb_mse": 0.004349941853433847,
    "rmse": 0.0659540889819111,
    "psnr_db": 23.61516548310098,
    "ssim": 0.9187065958976746,
    "lab_mse": 61.54267883300781
  },
  "stage_checkpoints": [
    {
      "stage": "foundation",
      "image_path": "outputs/stage_checkpoints/refiner_input_20260331_090205/stage_foundation.png",
      "resolution": 50.0,
      "accepted_shapes": 10.0,
      "stage_loss": 0.0036305892281234264,
      "softness": 0.55,
      "rgb_mse": 0.0036079692654311657,
      "rmse": 0.06006637383287895,
      "psnr_db": 24.42737170661831,
      "ssim": 0.8891057968139648,
      "lab_mse": 49.856788635253906
    },
    {
      "stage": "structure",
      "image_path": "outputs/stage_checkpoints/refiner_input_20260331_090205/stage_structure.png",
      "resolution": 96.0,
      "accepted_shapes": 12.0,
      "stage_loss": 0.004349941853433847,
      "softness": 0.18,
      "rgb_mse": 0.004349941853433847,
      "rmse": 0.0659540889819111,
      "psnr_db": 23.61516548310098,
      "ssim": 0.9187065958976746,
      "lab_mse": 61.54267883300781
    }
  ],
  "run_dir": "outputs/stage_checkpoints/refiner_input_20260331_090205"
}