{
  "stage": "foundation",
  "image_path": "outputs/stage_checkpoints/refiner_input_20260331_090205/stage_foundation.png",
  "resolution": 50.0,
  "accepted_shapes": 10.0,
  "stage_loss": 0.0036305892281234264,
  "softness": 0.55,
  "rgb_mse": 0.0036079692654311657,
  "rmse": 0.06006637383287895,
  "psnr_db": 24.42737170661831,
  "ssim": 0.8891057968139648,
  "lab_mse": 49.856788635253906
}