{
  "stage": "structure",
  "image_path": "outputs/stage_checkpoints/refiner_input_20260331_090205/stage_structure.png",
  "resolution": 96.0,
  "accepted_shapes": 12.0,
  "stage_loss": 0.004349941853433847,
  "softness": 0.18,
  "rgb_mse": 0.004349941853433847,
  "rmse": 0.0659540889819111,
  "psnr_db": 23.61516548310098,
  "ssim": 0.9187065958976746,
  "lab_mse": 61.54267883300781
}