{
  "run_id": "face_20260331_090155",
  "image_path": "C:/Users/ahada/Documents/abdulahad/evolutionary-art/python/targets/face.png",
  "fit_mode": "crop",
  "resolution": 200,
  "minutes": 3.0,
  "seed": 1,
  "polygons": 104,
  "iterations": 10,
  "accepted_polygons": 10,
  "final_metrics": {
    "rgb_mse": 0.038122378289699554,
    "rmse": 0.1952495282701076,
    "psnr_db": 14.188200134410085,
    "ssim": 0.71889728307724,
    "lab_mse": 155.0582733154297
  },
  "stage_checkpoints": [
    {
      "stage": "foundation",
      "image_path": "outputs/stage_checkpoints/face_20260331_090155/stage_foundation.png",
      "resolution": 50.0,
      "accepted_shapes": 10.0,
      "stage_loss": 0.032250698655843735,
      "softness": 0.55,
      "rgb_mse": 0.03440222144126892,
      "rmse": 0.1854783584175494,
      "psnr_db": 14.634135129942907,
      "ssim": 0.7052149772644043,
      "lab_mse": 148.4081573486328
    }
  ],
  "run_dir": "outputs/stage_checkpoints/face_20260331_090155"
}