{
  "stage": "foundation",
  "image_path": "outputs/stage_checkpoints/face_20260331_090155/stage_foundation.png",
  "resolution": 50.0,
  "accepted_shapes": 10.0,
  "stage_loss": 0.032250698655843735,
  "softness": 0.55,
  "rgb_mse": 0.03440222144126892,
  "rmse": 0.1854783584175494,
  "psnr_db": 14.634135129942907,
  "ssim": 0.7052149772644043,
  "lab_mse": 148.4081573486328
}