{
  "stage": "A",
  "image_path": "outputs/stage_checkpoints/phase7_input_20260330_203403/stage_a.png",
  "global_iteration": 5.0,
  "stage_iteration": 4.0,
  "stage_start_loss": 1759.3131103515625,
  "stage_position_updates": 4.0,
  "polygon_count": 24.0,
  "rgb_mse": 0.029699966311454773,
  "resolution": 48.0,
  "elapsed_seconds": 6.052537300041877,
  "softness": 2.5090909090909093,
  "rmse": 0.17233678165573005,
  "psnr_db": 15.272440433008885,
  "ssim": 0.8111726641654968,
  "lab_mse": 574.0335693359375
}