{
  "run_id": "internet_landscape_20260329_185155",
  "image_path": "targets/internet_landscape.jpg",
  "fit_mode": "crop",
  "resolution": 200,
  "minutes": 5.0,
  "seed": 11,
  "polygons": 136,
  "iterations": 850,
  "accepted_polygons": 84,
  "final_metrics": {
    "rgb_mse": 0.0006767442100681365,
    "rmse": 0.02601430779529097,
    "psnr_db": 31.695754511780187,
    "ssim": 0.9099372029304504,
    "lab_mse": 3.6798951625823975
  },
  "stage_checkpoints": [
    {
      "stage": "A",
      "image_path": "outputs/stage_checkpoints/internet_landscape_20260329_185155/stage_a.png",
      "global_iteration": 277.0,
      "stage_iteration": 275.0,
      "stage_start_loss": 128.26287841796875,
      "stage_position_updates": 55.0,
      "polygon_count": 64.0,
      "rgb_mse": 0.10364827513694763,
      "resolution": 100.0,
      "elapsed_seconds": 35.88002210005652,
      "softness": 0.8,
      "rmse": 0.3219445218309323,
      "psnr_db": 9.844379208227853,
      "ssim": 0.7258386611938477,
      "lab_mse": 353.6461181640625
    },
    {
      "stage": "B",
      "image_path": "outputs/stage_checkpoints/internet_landscape_20260329_185155/stage_b.png",
      "global_iteration": 850.0,
      "stage_iteration": 764.0,
      "stage_start_loss": 353.4463195800781,
      "stage_position_updates": 12.0,
      "polygon_count": 84.0,
      "rgb_mse": 0.0006767442100681365,
      "resolution": 100.0,
      "elapsed_seconds": 311.71364160010125,
      "softness": 0.34,
      "rmse": 0.02601430779529097,
      "psnr_db": 31.695754511780187,
      "ssim": 0.9099372029304504,
      "lab_mse": 3.6798951625823975
    },
    {
      "stage": "final",
      "image_path": "outputs/stage_checkpoints/internet_landscape_20260329_185155/stage_final.png",
      "global_iteration": 850.0,
      "stage_iteration": 764.0,
      "stage_start_loss": 353.4463195800781,
      "stage_position_updates": 12.0,
      "polygon_count": 84.0,
      "rgb_mse": 0.0006767442100681365,
      "resolution": 100.0,
      "elapsed_seconds": 311.8234790000133,
      "softness": 0.34,
      "rmse": 0.02601430779529097,
      "psnr_db": 31.695754511780187,
      "ssim": 0.9099372029304504,
      "lab_mse": 3.6798951625823975
    }
  ],
  "run_dir": "outputs/stage_checkpoints/internet_landscape_20260329_185155"
}