{
  "stage": "B",
  "image_path": "outputs/stage_checkpoints/internet_landscape_20260329_185155/stage_b.png",
  "global_iteration": 850.0,
  "stage_iteration": 764.0,
  "stage_start_loss": 353.4463195800781,
  "stage_position_updates": 12.0,
  "polygon_count": 84.0,
  "rgb_mse": 0.0006767442100681365,
  "resolution": 100.0,
  "elapsed_seconds": 311.71364160010125,
  "softness": 0.34,
  "rmse": 0.02601430779529097,
  "psnr_db": 31.695754511780187,
  "ssim": 0.9099372029304504,
  "lab_mse": 3.6798951625823975
}