{
  "stage": "A",
  "image_path": "outputs/stage_checkpoints/internet_landscape_20260329_185155/stage_a.png",
  "global_iteration": 277.0,
  "stage_iteration": 275.0,
  "stage_start_loss": 128.26287841796875,
  "stage_position_updates": 55.0,
  "polygon_count": 64.0,
  "rgb_mse": 0.10364827513694763,
  "resolution": 100.0,
  "elapsed_seconds": 35.88002210005652,
  "softness": 0.8,
  "rmse": 0.3219445218309323,
  "psnr_db": 9.844379208227853,
  "ssim": 0.7258386611938477,
  "lab_mse": 353.6461181640625
}