{
  "run_id": "grape_20260331_084848",
  "image_path": "targets/grape.jpg",
  "fit_mode": "crop",
  "resolution": 200,
  "minutes": 5.0,
  "seed": 42,
  "polygons": 400,
  "iterations": 372,
  "accepted_polygons": 372,
  "final_metrics": {
    "rgb_mse": 0.04138653725385666,
    "rmse": 0.20343681391001153,
    "psnr_db": 13.831409088119235,
    "ssim": 0.2884793281555176,
    "lab_mse": 197.3709716796875
  },
  "stage_checkpoints": [
    {
      "stage": "foundation",
      "image_path": "outputs/stage_checkpoints/grape_20260331_084848/stage_foundation.png",
      "resolution": 50.0,
      "accepted_shapes": 50.0,
      "stage_loss": 0.04348916932940483,
      "softness": 0.55,
      "rgb_mse": 0.053957749158144,
      "rmse": 0.23228807364594506,
      "psnr_db": 12.679461751711148,
      "ssim": 0.18047742545604706,
      "lab_mse": 237.4514617919922
    },
    {
      "stage": "structure",
      "image_path": "outputs/stage_checkpoints/grape_20260331_084848/stage_structure.png",
      "resolution": 100.0,
      "accepted_shapes": 150.0,
      "stage_loss": 0.035520441830158234,
      "softness": 0.18,
      "rgb_mse": 0.03890552744269371,
      "rmse": 0.19724484135889006,
      "psnr_db": 14.099886925733545,
      "ssim": 0.25316449999809265,
      "lab_mse": 178.32203674316406
    },
    {
      "stage": "detail",
      "image_path": "outputs/stage_checkpoints/grape_20260331_084848/stage_detail.png",
      "resolution": 200.0,
      "accepted_shapes": 372.0,
      "stage_loss": 0.04138653725385666,
      "softness": 0.035,
      "rgb_mse": 0.04138653725385666,
      "rmse": 0.20343681391001153,
      "psnr_db": 13.831409088119235,
      "ssim": 0.2884793281555176,
      "lab_mse": 197.3709716796875
    }
  ],
  "run_dir": "outputs/stage_checkpoints/grape_20260331_084848"
}