{
  "stage": "structure",
  "image_path": "outputs/stage_checkpoints/grape_20260331_084848/stage_structure.png",
  "resolution": 100.0,
  "accepted_shapes": 150.0,
  "stage_loss": 0.035520441830158234,
  "softness": 0.18,
  "rgb_mse": 0.03890552744269371,
  "rmse": 0.19724484135889006,
  "psnr_db": 14.099886925733545,
  "ssim": 0.25316449999809265,
  "lab_mse": 178.32203674316406
}