{
  "stage": "detail",
  "image_path": "outputs/stage_checkpoints/grape_20260331_084848/stage_detail.png",
  "resolution": 200.0,
  "accepted_shapes": 372.0,
  "stage_loss": 0.04138653725385666,
  "softness": 0.035,
  "rgb_mse": 0.04138653725385666,
  "rmse": 0.20343681391001153,
  "psnr_db": 13.831409088119235,
  "ssim": 0.2884793281555176,
  "lab_mse": 197.3709716796875
}