{
  "stage": "A",
  "image_path": "outputs/stage_checkpoints/phase7_input_20260330_202006/stage_a.png",
  "global_iteration": 3.0,
  "stage_iteration": 2.0,
  "stage_start_loss": 1888.3782958984375,
  "stage_position_updates": 2.0,
  "polygon_count": 64.0,
  "rgb_mse": 0.04462133347988129,
  "resolution": 48.0,
  "elapsed_seconds": 7.075090299942531,
  "softness": 2.8363636363636364,
  "rmse": 0.21123762325845574,
  "psnr_db": 13.504574552466963,
  "ssim": 0.8073412775993347,
  "lab_mse": 1155.099853515625
}